Epsilon, RMSE
0.5, 0.13867326
1, 0.134748475
2, 0.138826445
3, 0.134117015
5, 0.139960446
10, 0.137066717