Classlabels, RMSE
2, 0.419898322
3, 0.329419888
4, 0.208872772
5, 0.203946168
6, 0.204617568
7, 0.192305844
8, 0.158472319
9, 0.153137309
10, 0.138826445