Percentage_of_dataset, RMSE
5, 0.128708167
20, 0.133081965
40, 0.142116574
60, 0.139211743
80, 0.134472749
100, 0.138826445